title,company,location,link
Python Developer,Seen by Indeed,"New York, NY",https://www.indeed.com/viewjob?jk=cc9bca581259fb12
Python Developer,"Tekstrom, Inc.","Irvine, CA",https://www.indeed.com/viewjob?jk=cac2805ba9a9d655
Embedded Python Audio,HCL America Inc,"Mountain View, CA",https://www.indeed.com/viewjob?jk=87747aa8246eef1a
Model/Analysis/Validation Officer,Citi,"Long Island City, NY",https://www.indeed.com/viewjob?jk=c3a99992479d42a6
Python Instructor,Code Immersives NYC,"New York, NY",https://www.indeed.com/viewjob?jk=7bb8201c4f0e5201
Scientist / Senior Scientist - Statistical Genetics,23andMe,"Sunnyvale, CA",https://www.indeed.com/viewjob?jk=4714caf81b38e4b5
DevOps Engineer (US Citizenship required),Exor Solutions Inc,"Springfield, VA",https://www.indeed.com/viewjob?jk=481ad0d3258b3485
Python Developer,Insite,"Dallas, TX",https://www.indeed.com/viewjob?jk=e4ab235ff17c14b5
Digital Media Analyst,"BCF - Virginia Beach, VA","Virginia Beach, VA",https://www.indeed.com/viewjob?jk=8d3791fceb3c4dc1
Internship IT,Dexter Systems Inc,"Lansdowne, VA",https://www.indeed.com/viewjob?jk=5d34b6dd6f1f6b0c
Python Developer,nygci,"Seattle, WA",https://www.indeed.com/viewjob?jk=503eea01f4ff9686
Junior Python Developer,Proximate Technology,"Plano, TX",https://www.indeed.com/viewjob?jk=ee1666352ce6323c
Entry level python developer,Boson Solutions,"California, MD",https://www.indeed.com/viewjob?jk=334e26c272c16c0c
Sr. Python Developer,PruTech Solutions,"Basking Ridge, NJ",https://www.indeed.com/viewjob?jk=5b81d693516e2850
Baseball Analytics Trainee,Cincinnati Reds,"Cincinnati, OH",https://www.indeed.com/viewjob?jk=bd4bbf71fa1d1205
"Consulting Data Analyst - SAS, SQL, Python, R",Kaiser Permanente,"Oakland, CA",https://www.indeed.com/viewjob?jk=225e5710ff845d3f
Python Developer with Mongo DB,Kaav inc.,"Seattle, WA",https://www.indeed.com/viewjob?jk=db6fe121b6c8e979
Python Developer,Nytec Client Services,"Redmond, WA",https://www.indeed.com/viewjob?jk=d0b7d43ea5186f99
Python Developer,Callsign Media,"Las Vegas, NV",https://www.indeed.com/viewjob?jk=345e22ca6e583be5
Mid-Level Python Developer,Dimension Data,"Ashburn, VA",https://www.indeed.com/viewjob?jk=a37619df1bc9f468
Python Developer,zioqu,"New York, NY",https://www.indeed.com/viewjob?jk=ec05fef2d0184c82
Junior Data Scientist,Numero Data LLC,"Herndon, VA",https://www.indeed.com/viewjob?jk=561ff84e5ea27401
Python Developer,Caltech IT Solution,"Jacksonville, FL",https://www.indeed.com/viewjob?jk=a35e16fe3e664579
Backend Engineer (Python) – Remote,Meddy,Remote,https://www.indeed.com/viewjob?jk=2116027f37013c73
Python Django Developer,Brilliant Infotech Inc.,"Brooklyn, NY",https://www.indeed.com/viewjob?jk=05bfcbf69b218bd4
Python Developer,NLB,"Austin, TX",https://www.indeed.com/viewjob?jk=457ac820eb5824d1
Financial Analyst,US Other Agencies and Independent Organizations,"Alexandria, VA",https://www.indeed.com/viewjob?jk=104b6826686a2c8a
Python Software Intern,Formlabs,"Boston, MA",https://www.indeed.com/viewjob?jk=b5495b795ecf1b47
Python Developer,advithri.com,"Texas, VT",https://www.indeed.com/viewjob?jk=43d20a518e8c3228
AUTOMATION QA - REMOTE (M/F/D),PaulCamper,Remote,https://www.indeed.com/viewjob?jk=e9d92d1542ceedb5
Pen Tester - Contract - Remote,Cybernetic Search,Remote,https://www.indeed.com/viewjob?jk=cf78ca1b3ac8cf31
Python Django Engineer,Launch Potato,"Delray Beach, FL",https://www.indeed.com/viewjob?jk=dfebc81dfd94937b
Python Developer,Akra Tech,Remote,https://www.indeed.com/viewjob?jk=b4746b42ba857a6b
Python Developer(Contract),Volvo Cars Technology,"Mountain View, CA",https://www.indeed.com/viewjob?jk=d19924ccd0d025e5
Jr Python Developer,DATACUBES,"Schaumburg, IL",https://www.indeed.com/viewjob?jk=8841746e0b7abab7
"Junior, Mid-Level, Senior Test Engineers",BAE Systems,"Aurora, CO",https://www.indeed.com/viewjob?jk=ea8cc65c971ff201
Business Operations Associate,Renaissance,Remote,https://www.indeed.com/viewjob?jk=d132605f73623491
Python Developer,SILVERLINK TECHNOLOGIES LLC,"New York, NY",https://www.indeed.com/viewjob?jk=b68959052cbefaf6
Full Time Opportunities for Students or Recent Graduates: Finance Rotation Program Analyst,Microsoft,"Redmond, WA",https://www.indeed.com/viewjob?jk=fae6795c6ca89e3f
Python Developer - Bloomfield Connecticut,Cybernetic Search,"Bloomfield, NJ",https://www.indeed.com/viewjob?jk=5a3f83795ac9f1ca
"Data Analyst/ Data Scientist (ML, Python)",Avancer Corporation,"East Liberty, OH",https://www.indeed.com/viewjob?jk=96c46121fc317f21
WebSphere Admin / WAS Admin,CLS Bank International,"Vienna, VA",https://www.indeed.com/viewjob?jk=7d02c3ae5ce49004
SDET with Python - Need 9+ Years,Qentelli,"Nashville, TN",https://www.indeed.com/viewjob?jk=73a6971eaa74035d
Python Developer,Piper Companies,"Washington, DC",https://www.indeed.com/viewjob?jk=ba9aef09b4a3fa82
Python Developer,Cybernetic Search,"Bloomfield, NJ",https://www.indeed.com/viewjob?jk=e78c9e22a46d11cb
Python Developer,Sara Technologies,United States,https://www.indeed.com/viewjob?jk=07cc59a85ae4d228
Python Developer-Contract South Bay,Nelson Interactive,"South Bay, FL",https://www.indeed.com/viewjob?jk=df9aaf418ba7e2e8
Back End Python Engineer,untapt,"New York, NY",https://www.indeed.com/viewjob?jk=5abafd08f2b99035
Python Developer,"Tekstrom, Inc.","Irvine, CA",https://www.indeed.com/viewjob?jk=68622e3a08e76c61
Full Time Opportunities for Students or Recent Graduates: Cybersecurity,Microsoft,"Redmond, WA",https://www.indeed.com/viewjob?jk=eef7e88042d11cb2
Full Time Opportunities for Students or Recent Graduates: Data & Applied Sciences,Microsoft,"Redmond, WA",https://www.indeed.com/viewjob?jk=11baba484db23433
Entry-Level Python Developer (Financial Sector) - Vanderbilt University,Trilogy Ed,"Nashville, TN",https://www.indeed.com/viewjob?jk=4cb9bb2ae9663d70
Jr. Python Developer,SConcept,"Florida City, FL",https://www.indeed.com/viewjob?jk=a8215ace2d5dfc26
Python Developer,Tecknowledgie,"New York, NY",https://www.indeed.com/viewjob?jk=62e40839b14f88a6
Python Developer,"Moorecroft Systems, Inc.","Chicago, IL",https://www.indeed.com/viewjob?jk=f4634a5f95317a06
Liquid Studios - Python Developer,Accenture,"San Francisco, CA",https://www.indeed.com/viewjob?jk=788b26a46fea5465
Python Developer,Tekcogono,"Jersey, GA",https://www.indeed.com/viewjob?jk=ae975833df6ea7a4
Linux System Administrator,NLB,"Wilson, NC",https://www.indeed.com/viewjob?jk=4e32448a3ec2862f
Python Developer,Kanap Systems,"Phoenix, AZ",https://www.indeed.com/viewjob?jk=0da94432dc2c6b0a
Associate Bioinformatics Scientist,Admera Health,"South Plainfield, NJ",https://www.indeed.com/viewjob?jk=9e67684ed27c9766
Python Developer,Seen by Indeed,"New York, NY",https://www.indeed.com/viewjob?jk=cc9bca581259fb12
Python Developer,"Tekstrom, Inc.","Irvine, CA",https://www.indeed.com/viewjob?jk=cac2805ba9a9d655
Software Engineer,National Wooden Pallet and Container Association,"Blacksburg, VA",https://www.indeed.com/viewjob?jk=60fd40895d6155a8
Senior Cloud Developer,DivvyCloud,"Arlington, VA",https://www.indeed.com/viewjob?jk=91bf76bae2dd4d80
Python Developer,"MRE Consulting, Ltd. (SF)","Houston, TX",https://www.indeed.com/viewjob?jk=4877172574313899
Jr. Python Developer,SConcept,"Florida City, FL",https://www.indeed.com/viewjob?jk=a8215ace2d5dfc26
OSSE: Management Analyst,Government of the District of Columbia,"Washington, DC",https://www.indeed.com/viewjob?jk=63147581bdbc5a0a
Python Developer,Saggezza,"New York, NY",https://www.indeed.com/viewjob?jk=51adb375270faf14
Workforce Analyst,US Department of Defense,"Springfield, VA",https://www.indeed.com/viewjob?jk=64c83cbc26624ba9
Senior Python/Django Developer,ALLSTACKS,"Raleigh, NC",https://www.indeed.com/viewjob?jk=3143c476c9ba80e7
Python WebDeveloper,KuberaTech,"Mechanicsburg, PA",https://www.indeed.com/viewjob?jk=39e4b9ee8d1434b4
Entry level python developer,Boson Solutions,"California, MD",https://www.indeed.com/viewjob?jk=334e26c272c16c0c
Python with Vertica Developer,SILVERLINK TECHNOLOGIES LLC,"Springfield, MA",https://www.indeed.com/viewjob?jk=6eec1185cd2ef03b
Back End Developer (Python and Django),Genius Plaza,"Miami, FL",https://www.indeed.com/viewjob?jk=643c12959fa656b8
Python Developer,Prime Consulting,"Hillsboro, OR",https://www.indeed.com/viewjob?jk=351e31e37ca4ad2f
Python Developer with SAS/Perl Scripting,Kaav Inc,"Alpharetta, GA",https://www.indeed.com/viewjob?jk=f8700cc920b8fbc0
DataCenter,TEOCO Corporation,"Fairfax, VA",https://www.indeed.com/viewjob?jk=711378bfc4646723
Python Developer,Pilot Flying J,"Knoxville, TN",https://www.indeed.com/viewjob?jk=3be10bf402b7a008
"Google AI Resident, 2020 Start (Fixed-Term Employee)",Google,"Seattle, WA",https://www.indeed.com/viewjob?jk=da68f4f7a708a4ba
Python Developer - Need 9+ Years exp,Qentelli,"Nashville, TN",https://www.indeed.com/viewjob?jk=24287ea9a13822b6
Consultant,Aricent,United States,https://www.indeed.com/viewjob?jk=afad5f71e90a6308
Senior Python/JavaScript Developer,Muster,"Arlington, VA",https://www.indeed.com/viewjob?jk=e38d1ea178c4990a
Capability Specialist I,AT&T,"New York, NY",https://www.indeed.com/viewjob?jk=d652ac1827a584b6
Infrastructure and Queue Admin,Apple,"Santa Clara Valley, CA",https://www.indeed.com/viewjob?jk=44b2453c46919cad
Portfolio Perform Analy Prf,Freddie Mac,"McLean, VA",https://www.indeed.com/viewjob?jk=f0f5b65777f1afe9
Python/Django Developer,United Premier,"Herndon, VA",https://www.indeed.com/viewjob?jk=589fc2936db2b2ff
Python Developer,Tekcogono,"Jersey, GA",https://www.indeed.com/viewjob?jk=ae975833df6ea7a4
Python Developer,STOICSIT,"Austin, TX",https://www.indeed.com/viewjob?jk=f91a12bc9a2131da
Senior Data Engineer,MRP,"Arlington, VA",https://www.indeed.com/viewjob?jk=1b62bb4a5d3f0ff0
Data Project Owner,Clairvoyant Inc.,"New York, NY",https://www.indeed.com/viewjob?jk=748c85b2fec9b21a
Python Scripting-Developer,Wipro LTD,"Hartford, CT",https://www.indeed.com/viewjob?jk=855fe5ae235c01e9
Python Developer,"Harmonia Holdings Group, LLC.","McLean, VA",https://www.indeed.com/viewjob?jk=7dc491d28492ac70
Back-End Python Developer,GitPrime,Colorado,https://www.indeed.com/viewjob?jk=4052c26f45f3fee5
Python Developer,Caltech IT Solution,"Jacksonville, FL",https://www.indeed.com/viewjob?jk=a35e16fe3e664579
Snowflake Engineer,Tredence,"San Jose, CA",https://www.indeed.com/viewjob?jk=c6af1d93ffd6b66d
Software Developer (Python),"DIGITALSPEC, LLC","Tysons Corner, VA",https://www.indeed.com/viewjob?jk=d5796fdda721dbaa
Python Engineer,"Sierra Consulting, Inc.","Houston, TX",https://www.indeed.com/viewjob?jk=aaae5c598db2483a
Software QA Intern,Credence ID,"Emeryville, CA",https://www.indeed.com/viewjob?jk=8c88435e8c49f92f
Mid-Level Python Developer,Dimension Data,"Ashburn, VA",https://www.indeed.com/viewjob?jk=a37619df1bc9f468
Business Analytics Manager,CAPITAL CENTER LLC,"Richmond, VA",https://www.indeed.com/viewjob?jk=043989bbfc2de49e
C++ Developer- WHO ARE LOCAL TO virginia (W2 position),elite business CONSULTING,"Manassas, VA",https://www.indeed.com/viewjob?jk=6f49f3a456e99c76
Python Developer,"Moorecroft Systems, Inc.","Chicago, IL",https://www.indeed.com/viewjob?jk=f4634a5f95317a06
Cotton Sr. Middle Office Specialist,Louis Dreyfus Company,"Cordova, TN",https://www.indeed.com/viewjob?jk=c9df8a779206692c
Python/Devops Developer,Caldus,"Dallas, TX",https://www.indeed.com/viewjob?jk=a1c8f610397fb6be
Python Developer,Big H Solutions Inc,"Minneapolis, MN",https://www.indeed.com/viewjob?jk=89d2cbdfb221b53b
Python Coding Instructors,Delaware STEAM Academy,"Newark, DE",https://www.indeed.com/viewjob?jk=ede01106d7ca9e40
VMware Administrator,Gridiron IT,"Arlington, VA",https://www.indeed.com/viewjob?jk=d21529e94ace1f6d
"Python Developer (Financial Sector), Vanderbilt University",Trilogy Ed,"Nashville, TN",https://www.indeed.com/viewjob?jk=d53dba6fbb2fc508
Senior Python Developer,jupitorconsulting,"Bronx, NY",https://www.indeed.com/viewjob?jk=0ce2788eba24ec93
Entry-Level Artificial Intelligence Developers,Foxconn Technology Group,"Mt Pleasant, WI",https://www.indeed.com/viewjob?jk=9b9f1844f7973464
Capability Specialist I,Xandr,"New York, NY",https://www.indeed.com/viewjob?jk=8464814199e98085
Java with Python experience.,Jnit Technologies,"Research Triangle Park, NC",https://www.indeed.com/viewjob?jk=36cd40fae8bacbc3
Python Developer,Nytec Client Services,"Redmond, WA",https://www.indeed.com/viewjob?jk=d0b7d43ea5186f99
"Know Scratch, Python, HTML? Help teach kids how to code!",theCoderSchool,"Highland Park, IL",https://www.indeed.com/viewjob?jk=e917108ff1969e75
FULL STACK SOFTWARE DEVELOPER - Python/Django,"BigBear, Inc.","Reston, VA",https://www.indeed.com/viewjob?jk=d924d9337090dc92
WebGL Developer,Electronic Caregiver,"Las Cruces, NM",https://www.indeed.com/viewjob?jk=17b3ff7828a10dab
Application Security Engineer,Vivint Solar,"Lehi, UT",https://www.indeed.com/viewjob?jk=c2b58fe4487d1c25
Model/Analysis/Validation Officer,Citi,"Long Island City, NY",https://www.indeed.com/viewjob?jk=c3a99992479d42a6
